{"indexes":[{"v":{"$numberInt":"2"},"key":{"_id":{"$numberInt":"1"}},"name":"_id_"},{"v":{"$numberInt":"2"},"key":{"query":{"$numberInt":"1"}},"name":"query_1","background":true,"unique":true},{"v":{"$numberInt":"2"},"key":{"contactMedium":{"$numberInt":"1"}},"name":"contactMedium_1","background":true},{"v":{"$numberInt":"2"},"key":{"status":{"$numberInt":"1"}},"name":"status_1","background":true},{"v":{"$numberInt":"2"},"key":{"docUrl":{"$numberInt":"1"}},"name":"docUrl_1","background":true}],"uuid":"4e2bb51b4a584c078454ffb3a38afa86","collectionName":"supporttickets","type":"collection"}