{"indexes":[{"v":{"$numberInt":"2"},"key":{"_id":{"$numberInt":"1"}},"name":"_id_"},{"v":{"$numberInt":"2"},"key":{"email":{"$numberInt":"1"}},"name":"email_1","background":true,"unique":true},{"v":{"$numberInt":"2"},"key":{"mobile":{"$numberInt":"1"}},"name":"mobile_1","background":true,"unique":true},{"v":{"$numberInt":"2"},"key":{"address":{"$numberInt":"1"}},"name":"address_1","background":true,"unique":true}],"uuid":"08e93a6bbf934eb497756c27631ed5f1","collectionName":"admins","type":"collection"}