{"indexes":[{"v":{"$numberInt":"2"},"key":{"_id":{"$numberInt":"1"}},"name":"_id_"},{"v":{"$numberInt":"2"},"key":{"email":{"$numberInt":"1"}},"name":"email_1","background":true,"unique":true},{"v":{"$numberInt":"2"},"key":{"country":{"$numberInt":"1"}},"name":"country_1","background":true,"unique":true},{"v":{"$numberInt":"2"},"key":{"business_name":{"$numberInt":"1"}},"name":"business_name_1","background":true,"unique":true},{"v":{"$numberInt":"2"},"key":{"address":{"$numberInt":"1"}},"name":"address_1","background":true,"unique":true}],"uuid":"4c11c13d6c1c47e3b89ffe93e422b03d","collectionName":"sellers","type":"collection"}